{"nilai" : [{"nrp":"1273001","nama":"Zena Vilenia","nilaiakhir":"89","kelas":"A"},{"nrp":"0873037","nama":"Marco Kornelius","nilaiakhir":"84","kelas":"A"},{"nrp":"1273002","nama":"Louis Jupiter","nilaiakhir":"84","kelas":"A"},{"nrp":"1273003","nama":"Yogi Prawiradidja","nilaiakhir":"81","kelas":"A"},{"nrp":"1273005","nama":"Tiffani","nilaiakhir":"81","kelas":"A"},{"nrp":"1273004","nama":"Mulyadi","nilaiakhir":"80","kelas":"A"},{"nrp":"1273006","nama":"Lucky Aditya","nilaiakhir":"80","kelas":"A"}]}